,_id,count,display_url,"function (description, open = """", blocking = TRUE, encoding = getOption(""encoding""), method = getOption(""url.method"", ""default"")) 
{
    method <- match.arg(method, c(""default"", ""internal"", ""libcurl"", ""wininet""))
    .Internal(url(description, open, blocking, encoding, method))
}"
1,https://twitter.com/AFP/status/961122278707691520,19253,https://twitter.com/AFP/status/961122278707691520,https://twitter.com/AFP/status/961122278707691520
2,https://www.theguardian.com/science/2018/feb/07/first-modern-britons-dark-black-skin-cheddar-man-dna-analysis-reveals?CMP=share_btn_tw,3553,https://www.theguardian.com/science/2018/feb/07/first-modern-britons-dark-black-skin-cheddar-man-dna-analysis-reveals?CMP=share_btn_tw,https://www.theguardian.com/science/2018/feb/07/first-modern-britons-dark-black-skin-cheddar-man-dna-analysis-reveals?CMP=share_btn_tw
3,http://u.afp.com/oJTq,2844,http://u.afp.com/oJTq,http://u.afp.com/oJTq
4,https://www.theguardian.com/science/2018/feb/07/first-modern-britons-dark-black-skin-cheddar-man-dna-analysis-reveals,1951,https://www.theguardian.com/science/2018/feb/07/first-modern-britons-dark-black-skin-cheddar-man-dna-analysis-reveals,https://www.theguardian.com/science/2018/feb/07/first-modern-britons-dark-black-skin-cheddar-man-dna-analysis-reveals
5,https://www.indy100.com/article/cheddar-man-black-skin-dark-bias-uk-ethncity-dna-first-britons-black-racism-8198721,1403,https://www.indy100.com/article/cheddar-man-black-skin-dark-bias-uk-ethncity-dna-first-britons-black-racism-8198721,https://www.indy100.com/article/cheddar-man-black-skin-dark-bias-uk-ethncity-dna-first-britons-black-racism-8198721
6,anonymised,1262,anonymised,anonymised
7,https://twitter.com/afp/status/961122278707691520,1183,https://twitter.com/afp/status/961122278707691520,https://twitter.com/afp/status/961122278707691520
8,https://twitter.com/bfmtv/status/961544890537693185,785,https://twitter.com/bfmtv/status/961544890537693185,https://twitter.com/bfmtv/status/961544890537693185
9,http://www.bbc.com/news/science-environment-42939192,746,http://www.bbc.com/news/science-environment-42939192,http://www.bbc.com/news/science-environment-42939192
10,http://on.cc.com/2FTIpmL,716,http://on.cc.com/2FTIpmL,http://on.cc.com/2FTIpmL
11,https://twitter.com/newscientist/status/966639872520937474,706,https://twitter.com/newscientist/status/966639872520937474,https://twitter.com/newscientist/status/966639872520937474
12,http://bbc.in/2C14JbF,704,http://bbc.in/2C14JbF,http://bbc.in/2C14JbF
13,http://bit.ly/2BIrULq,674,http://bit.ly/2BIrULq,http://bit.ly/2BIrULq
14,http://www.bbc.co.uk/news/science-environment-42939192,644,http://www.bbc.co.uk/news/science-environment-42939192,http://www.bbc.co.uk/news/science-environment-42939192
15,https://twitter.com/BBCNews/status/961156442672848896,632,https://twitter.com/BBCNews/status/961156442672848896,https://twitter.com/BBCNews/status/961156442672848896
16,https://twitter.com/newscientist/status/966808851247968256,620,https://twitter.com/newscientist/status/966808851247968256,https://twitter.com/newscientist/status/966808851247968256
17,https://twitter.com/earlxsweat/status/961365077885706241,490,https://twitter.com/earlxsweat/status/961365077885706241,https://twitter.com/earlxsweat/status/961365077885706241
18,https://www.newscientist.com/article/2161867-ancient-dark-skinned-briton-cheddar-man-find-may-not-be-true/,469,https://www.newscientist.com/article/2161867-ancient-dark-skinned-briton-cheddar-man-find-may-not-be-true/,https://www.newscientist.com/article/2161867-ancient-dark-skinned-briton-cheddar-man-find-may-not-be-true/
19,anonymised,410,anonymised,anonymised
20,http://bit.ly/2CcHGiz,386,http://bit.ly/2CcHGiz,http://bit.ly/2CcHGiz
21,anonymised,366,anonymised,anonymised
22,anonymised,303,anonymised,anonymised
23,http://www.independent.co.uk/news/science/cheddar-man-first-modern-briton-black-dark-skinned-all-africa-descendants-scientific-research-latest-a8198656.html,301,http://www.independent.co.uk/news/science/cheddar-man-first-modern-briton-black-dark-skinned-all-africa-descendants-scientific-research-latest-a8198656.html,http://www.independent.co.uk/news/science/cheddar-man-first-modern-briton-black-dark-skinned-all-africa-descendants-scientific-research-latest-a8198656.html
24,https://twitter.com/claire_phipps/status/961118035456249856,298,https://twitter.com/claire_phipps/status/961118035456249856,https://twitter.com/claire_phipps/status/961118035456249856
25,anonymised,288,anonymised,anonymised
26,anonymised,282,anonymised,anonymised
27,https://twitter.com/ajplus/status/961475450651340800,263,https://twitter.com/ajplus/status/961475450651340800,https://twitter.com/ajplus/status/961475450651340800
28,https://twitter.com/greg_jenner/status/961017444734242816,254,https://twitter.com/greg_jenner/status/961017444734242816,https://twitter.com/greg_jenner/status/961017444734242816
29,http://www.independent.co.uk/news/science/archaeology/cheddar-man-face-first-modern-briton-revealed-pioneering-research-natural-history-museum-alfons-a8198066.html,235,http://www.independent.co.uk/news/science/archaeology/cheddar-man-face-first-modern-briton-revealed-pioneering-research-natural-history-museum-alfons-a8198066.html,http://www.independent.co.uk/news/science/archaeology/cheddar-man-face-first-modern-briton-revealed-pioneering-research-natural-history-museum-alfons-a8198066.html
30,https://twitter.com/nowthisnews/status/961420086517968896,227,https://twitter.com/nowthisnews/status/961420086517968896,https://twitter.com/nowthisnews/status/961420086517968896
31,https://www.theguardian.com/science/2018/feb/07/first-modern-britons-dark-black-skin-cheddar-man-dna-analysis-reveals?CMP=Share_iOSApp_Other,221,https://www.theguardian.com/science/2018/feb/07/first-modern-britons-dark-black-skin-cheddar-man-dna-analysis-reveals?CMP=Share_iOSApp_Other,https://www.theguardian.com/science/2018/feb/07/first-modern-britons-dark-black-skin-cheddar-man-dna-analysis-reveals?CMP=Share_iOSApp_Other
32,anonymised,218,anonymised,anonymised
33,http://aje.io/dnerx,203,http://aje.io/dnerx,http://aje.io/dnerx
34,https://amp.theguardian.com/science/2018/feb/07/first-modern-britons-dark-black-skin-cheddar-man-dna-analysis-reveals?CMP=Share_AndroidApp_Tweet&__twitter_impression=true,192,https://amp.theguardian.com/science/2018/feb/07/first-modern-britons-dark-black-skin-cheddar-man-dna-analysis-reveals?CMP=Share_AndroidApp_Tweet&__twitter_impression=true,https://amp.theguardian.com/science/2018/feb/07/first-modern-britons-dark-black-skin-cheddar-man-dna-analysis-reveals?CMP=Share_AndroidApp_Tweet&__twitter_impression=true
35,anonymised,191,anonymised,anonymised
36,https://twitter.com/bbcnews/status/961156442672848896,189,https://twitter.com/bbcnews/status/961156442672848896,https://twitter.com/bbcnews/status/961156442672848896
37,http://bbc.in/2E7ylpJ,181,http://bbc.in/2E7ylpJ,http://bbc.in/2E7ylpJ
38,http://newobserveronline.com/black-skinned-cheddar-man-claims-untrue-admits-new-scientist-magazine/,177,http://newobserveronline.com/black-skinned-cheddar-man-claims-untrue-admits-new-scientist-magazine/,http://newobserveronline.com/black-skinned-cheddar-man-claims-untrue-admits-new-scientist-magazine/
39,https://twitter.com/krishgm/status/961344364554473473,177,https://twitter.com/krishgm/status/961344364554473473,https://twitter.com/krishgm/status/961344364554473473
40,https://www.newsweekjapan.jp/stories/world/2018/02/post-9491_1.php,156,https://www.newsweekjapan.jp/stories/world/2018/02/post-9491_1.php,https://www.newsweekjapan.jp/stories/world/2018/02/post-9491_1.php
41,https://www.defendevropa.org/2018/heritage-identity/6165/,154,https://www.defendevropa.org/2018/heritage-identity/6165/,https://www.defendevropa.org/2018/heritage-identity/6165/
42,http://wapo.st/2nPB9kp,154,http://wapo.st/2nPB9kp,http://wapo.st/2nPB9kp
43,anonymised,152,anonymised,anonymised
44,http://www.dailymail.co.uk/sciencetech/article-5453665/Was-Cheddar-man-white-all.html,149,http://www.dailymail.co.uk/sciencetech/article-5453665/Was-Cheddar-man-white-all.html,http://www.dailymail.co.uk/sciencetech/article-5453665/Was-Cheddar-man-white-all.html
45,anonymised,148,anonymised,anonymised
46,https://trib.al/9BjhLMq,146,https://trib.al/9BjhLMq,https://trib.al/9BjhLMq
47,https://culturebox.francetvinfo.fr/patrimoine/histoire/cheddar-man-le-premier-homme-britannique-age-de-10000-ans-est-noir-de-peau-269025,142,https://culturebox.francetvinfo.fr/patrimoine/histoire/cheddar-man-le-premier-homme-britannique-age-de-10000-ans-est-noir-de-peau-269025,https://culturebox.francetvinfo.fr/patrimoine/histoire/cheddar-man-le-premier-homme-britannique-age-de-10000-ans-est-noir-de-peau-269025
48,anonymised,141,anonymised,anonymised
49,http://bit.ly/2EL6Vuo,131,http://bit.ly/2EL6Vuo,http://bit.ly/2EL6Vuo
50,https://trib.al/in5rAlF,126,https://trib.al/in5rAlF,https://trib.al/in5rAlF
51,https://www.nytimes.com/2018/02/07/world/europe/uk-cheddar-man-skeleton-skin.html,122,https://www.nytimes.com/2018/02/07/world/europe/uk-cheddar-man-skeleton-skin.html,https://www.nytimes.com/2018/02/07/world/europe/uk-cheddar-man-skeleton-skin.html
52,https://twitter.com/Claire_Phipps/status/961118035456249856,116,https://twitter.com/Claire_Phipps/status/961118035456249856,https://twitter.com/Claire_Phipps/status/961118035456249856
53,https://trib.al/xq5zERG,110,https://trib.al/xq5zERG,https://trib.al/xq5zERG
54,anonymised,109,anonymised,anonymised
55,anonymised,104,anonymised,anonymised
56,anonymised,103,anonymised,anonymised
57,anonymised,103,anonymised,anonymised
58,anonymised,102,anonymised,anonymised
59,http://dailym.ai/2taEv7u,101,http://dailym.ai/2taEv7u,http://dailym.ai/2taEv7u
60,https://twitter.com/ajplus/status/961259523427233793,101,https://twitter.com/ajplus/status/961259523427233793,https://twitter.com/ajplus/status/961259523427233793
61,http://www.independent.co.uk/news/science/cheddar-man-first-modern-briton-black-dark-skinned-all-africa-descendants-scientific-research-latest-a8198656.html?utm_campaign=Echobox&utm_medium=Social&utm_source=Twitter,100,http://www.independent.co.uk/news/science/cheddar-man-first-modern-briton-black-dark-skinned-all-africa-descendants-scientific-research-latest-a8198656.html?utm_campaign=Echobox&utm_medium=Social&utm_source=Twitter,http://www.independent.co.uk/news/science/cheddar-man-first-modern-briton-black-dark-skinned-all-africa-descendants-scientific-research-latest-a8198656.html?utm_campaign=Echobox&utm_medium=Social&utm_source=Twitter
62,https://qz.com/1201718/cheddar-man-dna-testing-of-a-10000-year-old-skeleton-upends-a-common-idea-about-race/,98,https://qz.com/1201718/cheddar-man-dna-testing-of-a-10000-year-old-skeleton-upends-a-common-idea-about-race/,https://qz.com/1201718/cheddar-man-dna-testing-of-a-10000-year-old-skeleton-upends-a-common-idea-about-race/
63,http://www.ibtimes.co.uk/who-cheddar-man-10000-year-old-remains-reveal-first-modern-britons-had-dark-skin-blue-eyes-1659451,97,http://www.ibtimes.co.uk/who-cheddar-man-10000-year-old-remains-reveal-first-modern-britons-had-dark-skin-blue-eyes-1659451,http://www.ibtimes.co.uk/who-cheddar-man-10000-year-old-remains-reveal-first-modern-britons-had-dark-skin-blue-eyes-1659451
64,https://www.washingtonpost.com/news/worldviews/wp/2018/02/07/meet-cheddar-man-first-modern-britons-had-dark-skin-and-blue-eyes/,95,https://www.washingtonpost.com/news/worldviews/wp/2018/02/07/meet-cheddar-man-first-modern-britons-had-dark-skin-and-blue-eyes/,https://www.washingtonpost.com/news/worldviews/wp/2018/02/07/meet-cheddar-man-first-modern-britons-had-dark-skin-and-blue-eyes/
65,https://amp.theguardian.com/science/2018/feb/07/first-modern-britons-dark-black-skin-cheddar-man-dna-analysis-reveals,93,https://amp.theguardian.com/science/2018/feb/07/first-modern-britons-dark-black-skin-cheddar-man-dna-analysis-reveals,https://amp.theguardian.com/science/2018/feb/07/first-modern-britons-dark-black-skin-cheddar-man-dna-analysis-reveals
66,http://www.independent.co.uk/voices/cheddar-man-first-briton-black-somerset-white-people-edl-ukip-racism-a8201246.html,92,http://www.independent.co.uk/voices/cheddar-man-first-briton-black-somerset-white-people-edl-ukip-racism-a8201246.html,http://www.independent.co.uk/voices/cheddar-man-first-briton-black-somerset-white-people-edl-ukip-racism-a8201246.html
67,https://nyti.ms/2BIixwh,92,https://nyti.ms/2BIixwh,https://nyti.ms/2BIixwh
68,https://twitter.com/AustinDarbo/status/961192986108448768,91,https://twitter.com/AustinDarbo/status/961192986108448768,https://twitter.com/AustinDarbo/status/961192986108448768
69,https://www.biorxiv.org/content/early/2018/02/18/267443,91,https://www.biorxiv.org/content/early/2018/02/18/267443,https://www.biorxiv.org/content/early/2018/02/18/267443
70,https://twitter.com/Channel4News/status/964556982312226822,90,https://twitter.com/Channel4News/status/964556982312226822,https://twitter.com/Channel4News/status/964556982312226822
71,http://waterfordwhispersnews.com/2018/02/09/cheddar-man-may-have-been-more-evolved-than-britain-first-members-confirm-archaeologists/,90,http://waterfordwhispersnews.com/2018/02/09/cheddar-man-may-have-been-more-evolved-than-britain-first-members-confirm-archaeologists/,http://waterfordwhispersnews.com/2018/02/09/cheddar-man-may-have-been-more-evolved-than-britain-first-members-confirm-archaeologists/
72,https://twitter.com/CBCNews/status/961381711631257604,89,https://twitter.com/CBCNews/status/961381711631257604,https://twitter.com/CBCNews/status/961381711631257604
73,https://www.theguardian.com/commentisfree/2018/feb/12/cheddar-man-brown-briton-national-identity-white-skin?CMP=share_btn_tw,85,https://www.theguardian.com/commentisfree/2018/feb/12/cheddar-man-brown-briton-national-identity-white-skin?CMP=share_btn_tw,https://www.theguardian.com/commentisfree/2018/feb/12/cheddar-man-brown-briton-national-identity-white-skin?CMP=share_btn_tw
74,https://twitter.com/billybragg/status/961217691565613056,85,https://twitter.com/billybragg/status/961217691565613056,https://twitter.com/billybragg/status/961217691565613056
75,http://wef.ch/2H4XzHd,83,http://wef.ch/2H4XzHd,http://wef.ch/2H4XzHd
76,https://twitter.com/DMReporter/status/961258707857395712,80,https://twitter.com/DMReporter/status/961258707857395712,https://twitter.com/DMReporter/status/961258707857395712
77,anonymised,80,anonymised,anonymised
78,https://twitter.com/newscientist/status/966576519953993728,79,https://twitter.com/newscientist/status/966576519953993728,https://twitter.com/newscientist/status/966576519953993728
79,https://thestandard.co/cheddar-man-dna-shows-early-briton-had-dark-skin/,79,https://thestandard.co/cheddar-man-dna-shows-early-briton-had-dark-skin/,https://thestandard.co/cheddar-man-dna-shows-early-briton-had-dark-skin/
80,http://www.thejournal.ie/cheddar-man-irish-dark-skin-3840186-Feb2018/,77,http://www.thejournal.ie/cheddar-man-irish-dark-skin-3840186-Feb2018/,http://www.thejournal.ie/cheddar-man-irish-dark-skin-3840186-Feb2018/
81,anonymised,76,anonymised,anonymised
82,http://dlvr.it/QG7hF9,75,http://dlvr.it/QG7hF9,http://dlvr.it/QG7hF9
83,anonymised,73,anonymised,anonymised
84,https://twitter.com/misszing/status/961173948355547136,73,https://twitter.com/misszing/status/961173948355547136,https://twitter.com/misszing/status/961173948355547136
85,http://www.bbc.co.uk/news/av/uk-42970067/cheddar-man-dna-shows-early-brit-had-dark-skin,73,http://www.bbc.co.uk/news/av/uk-42970067/cheddar-man-dna-shows-early-brit-had-dark-skin,http://www.bbc.co.uk/news/av/uk-42970067/cheddar-man-dna-shows-early-brit-had-dark-skin
86,http://www.telegraph.co.uk/science/2018/02/07/first-britons-black-natural-history-museum-dna-study-reveals/,72,http://www.telegraph.co.uk/science/2018/02/07/first-britons-black-natural-history-museum-dna-study-reveals/,http://www.telegraph.co.uk/science/2018/02/07/first-britons-black-natural-history-museum-dna-study-reveals/
87,https://twitter.com/nytimes/status/961315143845105666,71,https://twitter.com/nytimes/status/961315143845105666,https://twitter.com/nytimes/status/961315143845105666
88,https://twitter.com/guardian/status/961326475201916929,71,https://twitter.com/guardian/status/961326475201916929,https://twitter.com/guardian/status/961326475201916929
89,anonymised,70,anonymised,anonymised
90,anonymised,69,anonymised,anonymised
91,http://www.independent.co.uk/voices/letters/cheddar-man-first-briton-womens-rights-votes-brexit-gig-economy-a8199171.html,68,http://www.independent.co.uk/voices/letters/cheddar-man-first-briton-womens-rights-votes-brexit-gig-economy-a8199171.html,http://www.independent.co.uk/voices/letters/cheddar-man-first-briton-womens-rights-votes-brexit-gig-economy-a8199171.html
92,https://www.mirror.co.uk/news/uk-news/day-life-mesolithic-briton-cheddar-11988499,67,https://www.mirror.co.uk/news/uk-news/day-life-mesolithic-briton-cheddar-11988499,https://www.mirror.co.uk/news/uk-news/day-life-mesolithic-briton-cheddar-11988499
93,https://www.defendevropa.org/2018/uncategorized/cheddar-man-channel-4-attacks-british-identity/,66,https://www.defendevropa.org/2018/uncategorized/cheddar-man-channel-4-attacks-british-identity/,https://www.defendevropa.org/2018/uncategorized/cheddar-man-channel-4-attacks-british-identity/
94,http://news.sky.com/story/cheddar-man-first-modern-briton-had-dark-skin-and-blue-eyes-dna-analysis-shows-11239770,65,http://news.sky.com/story/cheddar-man-first-modern-briton-had-dark-skin-and-blue-eyes-dna-analysis-shows-11239770,http://news.sky.com/story/cheddar-man-first-modern-briton-had-dark-skin-and-blue-eyes-dna-analysis-shows-11239770
95,http://www.ibtimes.co.in/who-cheddar-man-internet-thinks-dark-skinned-first-brit-looks-like-david-dickinson-lord-sugar-760181,64,http://www.ibtimes.co.in/who-cheddar-man-internet-thinks-dark-skinned-first-brit-looks-like-david-dickinson-lord-sugar-760181,http://www.ibtimes.co.in/who-cheddar-man-internet-thinks-dark-skinned-first-brit-looks-like-david-dickinson-lord-sugar-760181
96,https://www.standard.co.uk/news/uk/cheddar-man-first-modern-briton-had-dark-to-black-skin-new-dna-research-reveals-a3759946.html,64,https://www.standard.co.uk/news/uk/cheddar-man-first-modern-briton-had-dark-to-black-skin-new-dna-research-reveals-a3759946.html,https://www.standard.co.uk/news/uk/cheddar-man-first-modern-briton-had-dark-to-black-skin-new-dna-research-reveals-a3759946.html
97,http://histv.co/2nPkSvM,64,http://histv.co/2nPkSvM,http://histv.co/2nPkSvM
98,anonymised,63,anonymised,anonymised
99,https://trib.al/B4hltxH,62,https://trib.al/B4hltxH,https://trib.al/B4hltxH
100,anonymised,62,anonymised,anonymised
101,http://www.bbc.com/news/av/uk-42970067/cheddar-man-dna-shows-early-brit-had-dark-skin,62,http://www.bbc.com/news/av/uk-42970067/cheddar-man-dna-shows-early-brit-had-dark-skin,http://www.bbc.com/news/av/uk-42970067/cheddar-man-dna-shows-early-brit-had-dark-skin
102,https://www.salon.com/2018/02/12/cheddar-man-is-black-another-racial-panic-for-white-supremacists/#.WoGd1BTSFJM.twitter,61,https://www.salon.com/2018/02/12/cheddar-man-is-black-another-racial-panic-for-white-supremacists/#.WoGd1BTSFJM.twitter,https://www.salon.com/2018/02/12/cheddar-man-is-black-another-racial-panic-for-white-supremacists/#.WoGd1BTSFJM.twitter
103,https://youtu.be/XLqcl6JEWNg,61,https://youtu.be/XLqcl6JEWNg,https://youtu.be/XLqcl6JEWNg
104,http://www.lemonde.fr/sciences/article/2018/02/07/l-etonnant-portrait-de-cheddar-man-l-un-des-ancetres-des-britanniques_5253175_1650684.html,61,http://www.lemonde.fr/sciences/article/2018/02/07/l-etonnant-portrait-de-cheddar-man-l-un-des-ancetres-des-britanniques_5253175_1650684.html,http://www.lemonde.fr/sciences/article/2018/02/07/l-etonnant-portrait-de-cheddar-man-l-un-des-ancetres-des-britanniques_5253175_1650684.html
105,http://bbc.in/2nJEjXB,61,http://bbc.in/2nJEjXB,http://bbc.in/2nJEjXB
106,http://www.newsbiscuit.com/2018/02/08/cheddar-man-clearly-fit-for-work-says-atos/,61,http://www.newsbiscuit.com/2018/02/08/cheddar-man-clearly-fit-for-work-says-atos/,http://www.newsbiscuit.com/2018/02/08/cheddar-man-clearly-fit-for-work-says-atos/
107,https://twitter.com/TwitterMoments/status/961134036528910336,61,https://twitter.com/TwitterMoments/status/961134036528910336,https://twitter.com/TwitterMoments/status/961134036528910336
108,http://bbc.in/2C1N17S,60,http://bbc.in/2C1N17S,http://bbc.in/2C1N17S
109,http://www.thepoke.co.uk/2018/02/07/daily-mail-comments-cheddar-man-story-dont-disappoint/,60,http://www.thepoke.co.uk/2018/02/07/daily-mail-comments-cheddar-man-story-dont-disappoint/,http://www.thepoke.co.uk/2018/02/07/daily-mail-comments-cheddar-man-story-dont-disappoint/
110,anonymised,59,anonymised,anonymised
111,http://ift.tt/2E8zu0e,59,http://ift.tt/2E8zu0e,http://ift.tt/2E8zu0e
112,https://www.theguardian.com/science/2018/feb/10/cheddar-man-changed-way-we-think-about-ancestors?CMP=share_btn_tw,59,https://www.theguardian.com/science/2018/feb/10/cheddar-man-changed-way-we-think-about-ancestors?CMP=share_btn_tw,https://www.theguardian.com/science/2018/feb/10/cheddar-man-changed-way-we-think-about-ancestors?CMP=share_btn_tw
113,https://www.newscientist.com/article/2161867-ancient-dark-skinned-briton-cheddar-man-find-may-not-be-true/amp/?__twitter_impression=true,59,https://www.newscientist.com/article/2161867-ancient-dark-skinned-briton-cheddar-man-find-may-not-be-true/amp/?__twitter_impression=true,https://www.newscientist.com/article/2161867-ancient-dark-skinned-briton-cheddar-man-find-may-not-be-true/amp/?__twitter_impression=true
114,http://wef.ch/2EtF910,59,http://wef.ch/2EtF910,http://wef.ch/2EtF910
115,anonymised,58,anonymised,anonymised
116,https://www.livescience.com/61701-cheddar-man-great-britain.html,58,https://www.livescience.com/61701-cheddar-man-great-britain.html,https://www.livescience.com/61701-cheddar-man-great-britain.html
117,https://www.nottinghampost.com/news/uk-world-news/cheddar-man-skeleton-reveals-dark-1181015,58,https://www.nottinghampost.com/news/uk-world-news/cheddar-man-skeleton-reveals-dark-1181015,https://www.nottinghampost.com/news/uk-world-news/cheddar-man-skeleton-reveals-dark-1181015
118,http://bit.ly/2FRmUmD,58,http://bit.ly/2FRmUmD,http://bit.ly/2FRmUmD
119,https://twitter.com/talkRADIO/status/961244439820857349,58,https://twitter.com/talkRADIO/status/961244439820857349,https://twitter.com/talkRADIO/status/961244439820857349
120,https://twitter.com/nowthisnews/status/961295519304699904,57,https://twitter.com/nowthisnews/status/961295519304699904,https://twitter.com/nowthisnews/status/961295519304699904
121,anonymised,57,anonymised,anonymised
122,anonymised,56,anonymised,anonymised
123,http://www.afr.com/news/world/we-were-black-10000yearold-cheddar-man-a-rude-wake-up-for-brits-20180208-h0vs83,56,http://www.afr.com/news/world/we-were-black-10000yearold-cheddar-man-a-rude-wake-up-for-brits-20180208-h0vs83,http://www.afr.com/news/world/we-were-black-10000yearold-cheddar-man-a-rude-wake-up-for-brits-20180208-h0vs83
124,https://redicemembers.com,56,https://redicemembers.com,https://redicemembers.com
125,anonymised,56,anonymised,anonymised
126,https://www.theguardian.com/science/2018/feb/07/first-modern-britons-dark-black-skin-cheddar-man-dna-analysis-reveals?CMP=Share_AndroidApp_Tweet,54,https://www.theguardian.com/science/2018/feb/07/first-modern-britons-dark-black-skin-cheddar-man-dna-analysis-reveals?CMP=Share_AndroidApp_Tweet,https://www.theguardian.com/science/2018/feb/07/first-modern-britons-dark-black-skin-cheddar-man-dna-analysis-reveals?CMP=Share_AndroidApp_Tweet
127,https://amp.theguardian.com/science/2018/feb/07/first-modern-britons-dark-black-skin-cheddar-man-dna-analysis-reveals?__twitter_impression=true,54,https://amp.theguardian.com/science/2018/feb/07/first-modern-britons-dark-black-skin-cheddar-man-dna-analysis-reveals?__twitter_impression=true,https://amp.theguardian.com/science/2018/feb/07/first-modern-britons-dark-black-skin-cheddar-man-dna-analysis-reveals?__twitter_impression=true
128,https://www.derbytelegraph.co.uk/news/uk-world-news/cheddar-man-1180659,54,https://www.derbytelegraph.co.uk/news/uk-world-news/cheddar-man-1180659,https://www.derbytelegraph.co.uk/news/uk-world-news/cheddar-man-1180659
129,anonymised,53,anonymised,anonymised
130,https://twitter.com/DavidLammy/status/961223010047930368,52,https://twitter.com/DavidLammy/status/961223010047930368,https://twitter.com/DavidLammy/status/961223010047930368
131,https://news.nationalgeographic.com/2018/02/ancient-face-cheddar-man-reconstructed-dna-spd/,52,https://news.nationalgeographic.com/2018/02/ancient-face-cheddar-man-reconstructed-dna-spd/,https://news.nationalgeographic.com/2018/02/ancient-face-cheddar-man-reconstructed-dna-spd/
132,anonymised,51,anonymised,anonymised
133,https://trib.al/0Wck4Tq,51,https://trib.al/0Wck4Tq,https://trib.al/0Wck4Tq
134,https://www.nouvelobs.com/sciences/20180207.OBS1896/cheddar-man-le-plus-vieux-britannique-de-l-histoire-etait-noir.html?utm_term=Autofeed&utm_campaign=Echobox&utm_medium=Social&utm_source=Twitter#link_time=1518038542,50,https://www.nouvelobs.com/sciences/20180207.OBS1896/cheddar-man-le-plus-vieux-britannique-de-l-histoire-etait-noir.html?utm_term=Autofeed&utm_campaign=Echobox&utm_medium=Social&utm_source=Twitter#link_time=1518038542,https://www.nouvelobs.com/sciences/20180207.OBS1896/cheddar-man-le-plus-vieux-britannique-de-l-histoire-etait-noir.html?utm_term=Autofeed&utm_campaign=Echobox&utm_medium=Social&utm_source=Twitter#link_time=1518038542
135,https://bnp.org.uk/not-even-close-knowing-ancient-cheddar-man-brit-black/,50,https://bnp.org.uk/not-even-close-knowing-ancient-cheddar-man-brit-black/,https://bnp.org.uk/not-even-close-knowing-ancient-cheddar-man-brit-black/
136,https://www.defendevropa.org/2018/population-replacement/cheese-whine-cheddar-man-migrant-avatar/,50,https://www.defendevropa.org/2018/population-replacement/cheese-whine-cheddar-man-migrant-avatar/,https://www.defendevropa.org/2018/population-replacement/cheese-whine-cheddar-man-migrant-avatar/
137,http://www.sci-tech-today.com/news/Cheddar-Man--Dark-Skin--Blue-Eyes/story.xhtml?story_id=0200014PWBWK,50,http://www.sci-tech-today.com/news/Cheddar-Man--Dark-Skin--Blue-Eyes/story.xhtml?story_id=0200014PWBWK,http://www.sci-tech-today.com/news/Cheddar-Man--Dark-Skin--Blue-Eyes/story.xhtml?story_id=0200014PWBWK
138,https://twitter.com/guardian/status/961138796317364224,49,https://twitter.com/guardian/status/961138796317364224,https://twitter.com/guardian/status/961138796317364224
139,anonymised,49,anonymised,anonymised
140,https://twitter.com/twittermoments/status/961134036528910336,49,https://twitter.com/twittermoments/status/961134036528910336,https://twitter.com/twittermoments/status/961134036528910336
141,https://twitter.com/ukmoments/status/961134036424056832,49,https://twitter.com/ukmoments/status/961134036424056832,https://twitter.com/ukmoments/status/961134036424056832
142,http://wef.ch/2oaGYtP,48,http://wef.ch/2oaGYtP,http://wef.ch/2oaGYtP
143,https://www.mirror.co.uk/news/uk-news/trump-supporting-politician-sparks-outrage-12006200,47,https://www.mirror.co.uk/news/uk-news/trump-supporting-politician-sparks-outrage-12006200,https://www.mirror.co.uk/news/uk-news/trump-supporting-politician-sparks-outrage-12006200
144,https://amp.theguardian.com/science/2018/feb/07/first-modern-britons-dark-black-skin-cheddar-man-dna-analysis-reveals?CMP=share_btn_tw&__twitter_impression=true,47,https://amp.theguardian.com/science/2018/feb/07/first-modern-britons-dark-black-skin-cheddar-man-dna-analysis-reveals?CMP=share_btn_tw&__twitter_impression=true,https://amp.theguardian.com/science/2018/feb/07/first-modern-britons-dark-black-skin-cheddar-man-dna-analysis-reveals?CMP=share_btn_tw&__twitter_impression=true
145,http://www.nhm.ac.uk/discover/cheddar-man-mesolithic-britain-blue-eyed-boy.html,47,http://www.nhm.ac.uk/discover/cheddar-man-mesolithic-britain-blue-eyed-boy.html,http://www.nhm.ac.uk/discover/cheddar-man-mesolithic-britain-blue-eyed-boy.html
146,https://trib.al/kQk44BP,47,https://trib.al/kQk44BP,https://trib.al/kQk44BP
147,https://twitter.com/astroehlein/status/961211179422158849,47,https://twitter.com/astroehlein/status/961211179422158849,https://twitter.com/astroehlein/status/961211179422158849
148,https://sptnkne.ws/gE5M,47,https://sptnkne.ws/gE5M,https://sptnkne.ws/gE5M
149,https://www.derbytelegraph.co.uk/news/uk-world-news/cheddar-man-had-dark-skin-1180659,47,https://www.derbytelegraph.co.uk/news/uk-world-news/cheddar-man-had-dark-skin-1180659,https://www.derbytelegraph.co.uk/news/uk-world-news/cheddar-man-had-dark-skin-1180659
150,https://news.sky.com/story/cheddar-man-first-modern-briton-had-dark-skin-and-blue-eyes-dna-analysis-shows-11239770,46,https://news.sky.com/story/cheddar-man-first-modern-briton-had-dark-skin-and-blue-eyes-dna-analysis-shows-11239770,https://news.sky.com/story/cheddar-man-first-modern-briton-had-dark-skin-and-blue-eyes-dna-analysis-shows-11239770
151,http://wef.ch/2FdfWt1,46,http://wef.ch/2FdfWt1,http://wef.ch/2FdfWt1
152,https://www.dailyrecord.co.uk/news/uk-world-news/its-mcmummy-chinese-unearth-4000-year-old-1095669,45,https://www.dailyrecord.co.uk/news/uk-world-news/its-mcmummy-chinese-unearth-4000-year-old-1095669,https://www.dailyrecord.co.uk/news/uk-world-news/its-mcmummy-chinese-unearth-4000-year-old-1095669
153,http://newsthump.com/2018/02/07/cheddar-man-probably-uks-first-benefit-tourist-insists-nigel-farage/,44,http://newsthump.com/2018/02/07/cheddar-man-probably-uks-first-benefit-tourist-insists-nigel-farage/,http://newsthump.com/2018/02/07/cheddar-man-probably-uks-first-benefit-tourist-insists-nigel-farage/
154,https://trib.al/MrxHASr,44,https://trib.al/MrxHASr,https://trib.al/MrxHASr
155,http://edition.cnn.com/2018/02/07/europe/cheddar-man-had-dark-skin-intl/index.html,43,http://edition.cnn.com/2018/02/07/europe/cheddar-man-had-dark-skin-intl/index.html,http://edition.cnn.com/2018/02/07/europe/cheddar-man-had-dark-skin-intl/index.html
156,https://twitter.com/BBCNews/status/961265382408454144,43,https://twitter.com/BBCNews/status/961265382408454144,https://twitter.com/BBCNews/status/961265382408454144
157,https://trib.al/KrJRtXt,43,https://trib.al/KrJRtXt,https://trib.al/KrJRtXt
158,anonymised,43,anonymised,anonymised
159,http://www.thewizardofleather.com,43,http://www.thewizardofleather.com,http://www.thewizardofleather.com
160,http://www.sci-tech-today.com/story.xhtml?story_id=0220018SHKAM,42,http://www.sci-tech-today.com/story.xhtml?story_id=0220018SHKAM,http://www.sci-tech-today.com/story.xhtml?story_id=0220018SHKAM
161,https://www.channel4.com/news/afua-hirsch-black-cheddar-man-provoked-emotional-response-in-me,42,https://www.channel4.com/news/afua-hirsch-black-cheddar-man-provoked-emotional-response-in-me,https://www.channel4.com/news/afua-hirsch-black-cheddar-man-provoked-emotional-response-in-me
162,https://twitter.com/BFMTV/status/961544890537693185,42,https://twitter.com/BFMTV/status/961544890537693185,https://twitter.com/BFMTV/status/961544890537693185
163,https://shysociety.co.uk/2018/02/24/cheddar-man-highlights-growing-obsession-skin-colour/,42,https://shysociety.co.uk/2018/02/24/cheddar-man-highlights-growing-obsession-skin-colour/,https://shysociety.co.uk/2018/02/24/cheddar-man-highlights-growing-obsession-skin-colour/
164,http://wef.ch/2EyRmS9,41,http://wef.ch/2EyRmS9,http://wef.ch/2EyRmS9
165,http://bit.ly/2EPc84g,41,http://bit.ly/2EPc84g,http://bit.ly/2EPc84g
166,anonymised,41,anonymised,anonymised
167,http://www.lemonde.fr/sciences/video/2018/02/08/cheddar-man-notre-ancetre-europeen-du-mesolithique-avait-la-peau-noire_5253972_1650684.html,41,http://www.lemonde.fr/sciences/video/2018/02/08/cheddar-man-notre-ancetre-europeen-du-mesolithique-avait-la-peau-noire_5253972_1650684.html,http://www.lemonde.fr/sciences/video/2018/02/08/cheddar-man-notre-ancetre-europeen-du-mesolithique-avait-la-peau-noire_5253972_1650684.html
168,http://www.abc.net.au/news/2018-02-08/cheddar-man-first-britons-had-dark-to-black-skin-dna-research/9406636,41,http://www.abc.net.au/news/2018-02-08/cheddar-man-first-britons-had-dark-to-black-skin-dna-research/9406636,http://www.abc.net.au/news/2018-02-08/cheddar-man-first-britons-had-dark-to-black-skin-dna-research/9406636
169,http://wef.ch/2EoLf2P,40,http://wef.ch/2EoLf2P,http://wef.ch/2EoLf2P
170,http://d.gu.com/QFLP1r,40,http://d.gu.com/QFLP1r,http://d.gu.com/QFLP1r
171,anonymised,40,anonymised,anonymised
172,anonymised,40,anonymised,anonymised
173,anonymised,39,anonymised,anonymised
174,https://twitter.com/guardian/status/961159114155012098,39,https://twitter.com/guardian/status/961159114155012098,https://twitter.com/guardian/status/961159114155012098
175,https://twitter.com/channel4news/status/964556982312226822,39,https://twitter.com/channel4news/status/964556982312226822,https://twitter.com/channel4news/status/964556982312226822
176,anonymised,39,anonymised,anonymised
177,https://twitter.com/UKMoments/status/961134036424056832,38,https://twitter.com/UKMoments/status/961134036424056832,https://twitter.com/UKMoments/status/961134036424056832
178,https://www.thestar.com/opinion/star-columnists/2018/02/09/how-cheddar-man-shatters-accepted-views-of-immigration.html,38,https://www.thestar.com/opinion/star-columnists/2018/02/09/how-cheddar-man-shatters-accepted-views-of-immigration.html,https://www.thestar.com/opinion/star-columnists/2018/02/09/how-cheddar-man-shatters-accepted-views-of-immigration.html
179,http://www.independent.co.uk/voices/cheddar-man-latest-somerset-racial-identity-brexit-donald-trump-meghan-markle-a8199341.html,38,http://www.independent.co.uk/voices/cheddar-man-latest-somerset-racial-identity-brexit-donald-trump-meghan-markle-a8199341.html,http://www.independent.co.uk/voices/cheddar-man-latest-somerset-racial-identity-brexit-donald-trump-meghan-markle-a8199341.html
180,https://nyti.ms/2BLJNKn,38,https://nyti.ms/2BLJNKn,https://nyti.ms/2BLJNKn
181,anonymised,38,anonymised,anonymised
182,https://twitter.com/TheDailyShow/status/961686842885197832,38,https://twitter.com/TheDailyShow/status/961686842885197832,https://twitter.com/TheDailyShow/status/961686842885197832
183,http://go.shr.lc/2E8Qurb,36,http://go.shr.lc/2E8Qurb,http://go.shr.lc/2E8Qurb
184,https://twitter.com/BBCAfrica/status/961191828027568129,36,https://twitter.com/BBCAfrica/status/961191828027568129,https://twitter.com/BBCAfrica/status/961191828027568129
185,https://www.thetimes.co.uk/article/cheddar-man-the-first-modern-human-in-britain-had-blue-eyes-and-black-skin-x2zltvlpd,36,https://www.thetimes.co.uk/article/cheddar-man-the-first-modern-human-in-britain-had-blue-eyes-and-black-skin-x2zltvlpd,https://www.thetimes.co.uk/article/cheddar-man-the-first-modern-human-in-britain-had-blue-eyes-and-black-skin-x2zltvlpd
186,anonymised,36,anonymised,anonymised
187,https://twitter.com/cbspittsburgh/status/963141992082563072,35,https://twitter.com/cbspittsburgh/status/963141992082563072,https://twitter.com/cbspittsburgh/status/963141992082563072
188,http://d.gu.com/QFrgmS,35,http://d.gu.com/QFrgmS,http://d.gu.com/QFrgmS
189,anonymised,35,anonymised,anonymised
190,http://cnn.it/2nIEIK7,35,http://cnn.it/2nIEIK7,http://cnn.it/2nIEIK7
191,http://www.chesterbugle.co.uk/2018/02/09/cheddar-man-declared-fit-work-dwp/,35,http://www.chesterbugle.co.uk/2018/02/09/cheddar-man-declared-fit-work-dwp/,http://www.chesterbugle.co.uk/2018/02/09/cheddar-man-declared-fit-work-dwp/
192,anonymised,34,anonymised,anonymised
193,anonymised,34,anonymised,anonymised
194,http://www.cnn.com/2018/02/07/europe/cheddar-man-had-dark-skin-intl/index.html,34,http://www.cnn.com/2018/02/07/europe/cheddar-man-had-dark-skin-intl/index.html,http://www.cnn.com/2018/02/07/europe/cheddar-man-had-dark-skin-intl/index.html
195,anonymised,34,anonymised,anonymised
196,anonymised,33,https://twitter.com/carlzimmer/status/965393912071417856,anonymised
197,http://www.cbc.ca/news/technology/cheddar-man-1.4524247,33,http://www.cbc.ca/news/technology/cheddar-man-1.4524247,http://www.cbc.ca/news/technology/cheddar-man-1.4524247
198,https://www.sciencesetavenir.fr/archeo-paleo/anthropologie/cheddar-man-le-plus-vieux-britannique-connu-avait-la-peau-noire-et-les-yeux-bleus_120593,33,https://www.sciencesetavenir.fr/archeo-paleo/anthropologie/cheddar-man-le-plus-vieux-britannique-connu-avait-la-peau-noire-et-les-yeux-bleus_120593,https://www.sciencesetavenir.fr/archeo-paleo/anthropologie/cheddar-man-le-plus-vieux-britannique-connu-avait-la-peau-noire-et-les-yeux-bleus_120593
199,http://bit.ly/2EM5Ulr,33,http://bit.ly/2EM5Ulr,http://bit.ly/2EM5Ulr
200,http://cnn.it/2nUruJi,32,http://cnn.it/2nUruJi,http://cnn.it/2nUruJi
201,anonymised,32,anonymised,anonymised
202,http://wef.ch/2EygHiy,32,http://wef.ch/2EygHiy,http://wef.ch/2EygHiy
203,https://twitter.com/bbcafrica/status/961191828027568129,32,https://twitter.com/bbcafrica/status/961191828027568129,https://twitter.com/bbcafrica/status/961191828027568129
204,anonymised,32,anonymised,anonymised
205,anonymised,32,anonymised,anonymised
206,anonymised,31,anonymised,anonymised
207,http://wef.ch/2H3cy4r,31,http://wef.ch/2H3cy4r,http://wef.ch/2H3cy4r
208,anonymised,31,anonymised,anonymised
209,anonymised,31,anonymised,anonymised
210,anonymised,31,anonymised,anonymised
211,anonymised,31,anonymised,anonymised
212,https://www.theguardian.com/science/2018/feb/07/first-modern-britons-dark-black-skin-cheddar-man-dna-analysis-reveals?CMP=share_btn_fb,31,https://www.theguardian.com/science/2018/feb/07/first-modern-britons-dark-black-skin-cheddar-man-dna-analysis-reveals?CMP=share_btn_fb,https://www.theguardian.com/science/2018/feb/07/first-modern-britons-dark-black-skin-cheddar-man-dna-analysis-reveals?CMP=share_btn_fb
213,https://www.courrierinternational.com/une/cheddar-man-lancetre-britannique-la-peau-noire,31,https://www.courrierinternational.com/une/cheddar-man-lancetre-britannique-la-peau-noire,https://www.courrierinternational.com/une/cheddar-man-lancetre-britannique-la-peau-noire
214,http://jrnl.ie/3840186,30,http://jrnl.ie/3840186,http://jrnl.ie/3840186
215,https://amp.theguardian.com/science/2018/feb/07/first-modern-britons-dark-black-skin-cheddar-man-dna-analysis-reveals?CMP=Share_iOSApp_Other&__twitter_impression=true,30,https://amp.theguardian.com/science/2018/feb/07/first-modern-britons-dark-black-skin-cheddar-man-dna-analysis-reveals?CMP=Share_iOSApp_Other&__twitter_impression=true,https://amp.theguardian.com/science/2018/feb/07/first-modern-britons-dark-black-skin-cheddar-man-dna-analysis-reveals?CMP=Share_iOSApp_Other&__twitter_impression=true
216,https://twitter.com/Channel4News/status/961347525767770118,30,https://twitter.com/Channel4News/status/961347525767770118,https://twitter.com/Channel4News/status/961347525767770118
217,anonymised,29,anonymised,anonymised
218,https://twitter.com/guardian/status/961374312384155648,29,https://twitter.com/guardian/status/961374312384155648,https://twitter.com/guardian/status/961374312384155648
219,https://www.theguardian.com/science/2018/feb/10/cheddar-man-changed-way-we-think-about-ancestors,29,https://www.theguardian.com/science/2018/feb/10/cheddar-man-changed-way-we-think-about-ancestors,https://www.theguardian.com/science/2018/feb/10/cheddar-man-changed-way-we-think-about-ancestors
220,https://www.theguardian.com/commentisfree/2018/feb/12/cheddar-man-brown-briton-national-identity-white-skin,29,https://www.theguardian.com/commentisfree/2018/feb/12/cheddar-man-brown-briton-national-identity-white-skin,https://www.theguardian.com/commentisfree/2018/feb/12/cheddar-man-brown-briton-national-identity-white-skin
221,https://www.thecanary.co/off-the-perch/2018/02/07/katie-hopkins-demands-cheddar-man-sent-back-fcking-came/,29,https://www.thecanary.co/off-the-perch/2018/02/07/katie-hopkins-demands-cheddar-man-sent-back-fcking-came/,https://www.thecanary.co/off-the-perch/2018/02/07/katie-hopkins-demands-cheddar-man-sent-back-fcking-came/
222,http://www.independent.co.uk/news/world/americas/us-politics/paul-nehlen-racist-meghan-markle-republican-candidate-banned-cheddar-man-twitter-tweet-wisconsin-a8209366.html?utm_campaign=Echobox&utm_medium=Social&utm_source=Twitter,29,http://www.independent.co.uk/news/world/americas/us-politics/paul-nehlen-racist-meghan-markle-republican-candidate-banned-cheddar-man-twitter-tweet-wisconsin-a8209366.html?utm_campaign=Echobox&utm_medium=Social&utm_source=Twitter,http://www.independent.co.uk/news/world/americas/us-politics/paul-nehlen-racist-meghan-markle-republican-candidate-banned-cheddar-man-twitter-tweet-wisconsin-a8209366.html?utm_campaign=Echobox&utm_medium=Social&utm_source=Twitter
223,anonymised,29,anonymised,anonymised
224,anonymised,29,anonymised,anonymised
225,https://www.theguardian.com/science/2018/feb/09/hes-one-of-us-modern-neighbours-welcome-cheddar-man?CMP=share_btn_tw,29,https://www.theguardian.com/science/2018/feb/09/hes-one-of-us-modern-neighbours-welcome-cheddar-man?CMP=share_btn_tw,https://www.theguardian.com/science/2018/feb/09/hes-one-of-us-modern-neighbours-welcome-cheddar-man?CMP=share_btn_tw
226,https://www.rte.ie/news/newslens/2018/0207/938957-cheddar-man-britain/,29,https://www.rte.ie/news/newslens/2018/0207/938957-cheddar-man-britain/,https://www.rte.ie/news/newslens/2018/0207/938957-cheddar-man-britain/
227,anonymised,28,anonymised,anonymised
228,https://twitter.com/guardian/status/961124983341748224,28,https://twitter.com/guardian/status/961124983341748224,https://twitter.com/guardian/status/961124983341748224
229,http://wef.ch/2E9jX0d,28,http://wef.ch/2E9jX0d,http://wef.ch/2E9jX0d
230,anonymised,28,anonymised,anonymised
231,anonymised,28,anonymised,anonymised
232,https://on.rt.com/8yn8,27,https://on.rt.com/8yn8,https://on.rt.com/8yn8
233,anonymised,27,anonymised,anonymised
234,http://www.foxnews.com/science/2018/02/07/dna-from-cheddar-man-reveals-surprise-about-early-brits.html,27,http://www.foxnews.com/science/2018/02/07/dna-from-cheddar-man-reveals-surprise-about-early-brits.html,http://www.foxnews.com/science/2018/02/07/dna-from-cheddar-man-reveals-surprise-about-early-brits.html
235,https://twitter.com/BBCNews/status/961169767519457283,27,https://twitter.com/BBCNews/status/961169767519457283,https://twitter.com/BBCNews/status/961169767519457283
236,http://gizmodo.uol.com.br/cheddar-man-era-negro/,27,http://gizmodo.uol.com.br/cheddar-man-era-negro/,http://gizmodo.uol.com.br/cheddar-man-era-negro/
237,http://www.bbc.co.uk/news/uk-42970067,27,http://www.bbc.co.uk/news/uk-42970067,http://www.bbc.co.uk/news/uk-42970067
238,anonymised,27,anonymised,anonymised
239,http://bit.ly/2EVzgNG,27,http://bit.ly/2EVzgNG,http://bit.ly/2EVzgNG
240,anonymised,26,anonymised,anonymised
241,anonymised,25,anonymised,anonymised
242,https://twitter.com/Independent/status/961288447733374976,25,https://twitter.com/Independent/status/961288447733374976,https://twitter.com/Independent/status/961288447733374976
243,https://twitter.com/BBCr4today/status/961126998725791745,25,https://twitter.com/BBCr4today/status/961126998725791745,https://twitter.com/BBCr4today/status/961126998725791745
244,http://www.nhm.ac.uk/discover/cheddar-man-mesolithic-britain-blue-eyed-boy,25,http://www.nhm.ac.uk/discover/cheddar-man-mesolithic-britain-blue-eyed-boy,http://www.nhm.ac.uk/discover/cheddar-man-mesolithic-britain-blue-eyed-boy
245,http://bit.ly/2BfntaJ,25,http://bit.ly/2BfntaJ,http://bit.ly/2BfntaJ
246,http://www.sciencemag.org/news/2018/02/scientists-get-their-first-look-cheddar-man-one-england-s-oldest-modern-humans,25,http://www.sciencemag.org/news/2018/02/scientists-get-their-first-look-cheddar-man-one-england-s-oldest-modern-humans,http://www.sciencemag.org/news/2018/02/scientists-get-their-first-look-cheddar-man-one-england-s-oldest-modern-humans
247,http://ift.tt/2EtZJBU,25,http://ift.tt/2EtZJBU,http://ift.tt/2EtZJBU
248,https://twitter.com/washingtonpost/status/961294662303735808,25,https://twitter.com/washingtonpost/status/961294662303735808,https://twitter.com/washingtonpost/status/961294662303735808
249,https://www.cnn.com/2018/02/08/opinions/how-cheddar-man-flips-british-identity-jones/index.html,24,https://www.cnn.com/2018/02/08/opinions/how-cheddar-man-flips-british-identity-jones/index.html,https://www.cnn.com/2018/02/08/opinions/how-cheddar-man-flips-british-identity-jones/index.html
250,http://a.msn.com/01/en-gb/BBIN09l?ocid=st,24,http://a.msn.com/01/en-gb/BBIN09l?ocid=st,http://a.msn.com/01/en-gb/BBIN09l?ocid=st
251,https://twitter.com/nhm_london/status/956179607249719296,24,https://twitter.com/nhm_london/status/956179607249719296,https://twitter.com/nhm_london/status/956179607249719296
252,https://www.washingtonpost.com/news/worldviews/wp/2018/02/07/meet-cheddar-man-first-modern-britons-had-dark-skin-and-blue-eyes/?utm_term=.2b1b1245a183,24,https://www.washingtonpost.com/news/worldviews/wp/2018/02/07/meet-cheddar-man-first-modern-britons-had-dark-skin-and-blue-eyes/?utm_term=.2b1b1245a183,https://www.washingtonpost.com/news/worldviews/wp/2018/02/07/meet-cheddar-man-first-modern-britons-had-dark-skin-and-blue-eyes/?utm_term=.2b1b1245a183
253,http://animeright.news/zanting/cheddar-man-may-be-proof-that-britons-descended-from-ganguros/,24,http://animeright.news/zanting/cheddar-man-may-be-proof-that-britons-descended-from-ganguros/,http://animeright.news/zanting/cheddar-man-may-be-proof-that-britons-descended-from-ganguros/
254,http://www.independent.co.uk/voices/cheddar-man-english-people-country-england-romans-saxons-celtic-vikings-a8205371.html,24,http://www.independent.co.uk/voices/cheddar-man-english-people-country-england-romans-saxons-celtic-vikings-a8205371.html,http://www.independent.co.uk/voices/cheddar-man-english-people-country-england-romans-saxons-celtic-vikings-a8205371.html
255,https://twitter.com/franceinfo/status/961363441775726592,24,https://twitter.com/franceinfo/status/961363441775726592,https://twitter.com/franceinfo/status/961363441775726592
256,https://twitter.com/thedailyshow/status/961686842885197832,24,https://twitter.com/thedailyshow/status/961686842885197832,https://twitter.com/thedailyshow/status/961686842885197832
257,https://twitter.com/lemondefr/status/961245921936896000,24,https://twitter.com/lemondefr/status/961245921936896000,https://twitter.com/lemondefr/status/961245921936896000
258,http://ir.tn.com.ar/2BIWHZh,24,http://ir.tn.com.ar/2BIWHZh,http://ir.tn.com.ar/2BIWHZh
259,https://twitter.com/nytimes/status/961555241027231744,24,https://twitter.com/nytimes/status/961555241027231744,https://twitter.com/nytimes/status/961555241027231744
260,https://www.gnxp.com/WordPress/2018/02/06/the-genome-of-cheddar-man-is-about-to-be-published/,24,https://www.gnxp.com/WordPress/2018/02/06/the-genome-of-cheddar-man-is-about-to-be-published/,https://www.gnxp.com/WordPress/2018/02/06/the-genome-of-cheddar-man-is-about-to-be-published/
261,anonymised,23,anonymised,anonymised
262,http://newscienti.st/2oKp0yD,23,http://newscienti.st/2oKp0yD,http://newscienti.st/2oKp0yD
263,https://twitter.com/labourlewis/status/961161734437339136,23,https://twitter.com/labourlewis/status/961161734437339136,https://twitter.com/labourlewis/status/961161734437339136
264,anonymised,23,anonymised,anonymised
265,https://twitter.com/NHM_London/status/961165864803422208,23,https://twitter.com/NHM_London/status/961165864803422208,https://twitter.com/NHM_London/status/961165864803422208
266,https://www.nouvelobs.com/sciences/20180207.OBS1896/cheddar-man-le-plus-vieux-britannique-de-l-histoire-etait-noir.html,23,https://www.nouvelobs.com/sciences/20180207.OBS1896/cheddar-man-le-plus-vieux-britannique-de-l-histoire-etait-noir.html,https://www.nouvelobs.com/sciences/20180207.OBS1896/cheddar-man-le-plus-vieux-britannique-de-l-histoire-etait-noir.html
267,http://ift.tt/2C2WMD5,23,http://ift.tt/2C2WMD5,http://ift.tt/2C2WMD5
268,anonymised,23,anonymised,anonymised
269,https://www.unmundodemisterio.com/home/cheddar-man-el-primer-hombre-britnico-fue-de-raza-negra-y-cabello-rizado,23,https://www.unmundodemisterio.com/home/cheddar-man-el-primer-hombre-britnico-fue-de-raza-negra-y-cabello-rizado,https://www.unmundodemisterio.com/home/cheddar-man-el-primer-hombre-britnico-fue-de-raza-negra-y-cabello-rizado
270,https://youtu.be/lWDWVDu01P0,23,https://youtu.be/lWDWVDu01P0,https://youtu.be/lWDWVDu01P0
271,anonymised,23,anonymised,anonymised
272,https://www.huffingtonpost.com/entry/cheddar-man-dark-skin-dna-analysis_us_5a7bfffee4b0c6726e0f5874,23,https://www.huffingtonpost.com/entry/cheddar-man-dark-skin-dna-analysis_us_5a7bfffee4b0c6726e0f5874,https://www.huffingtonpost.com/entry/cheddar-man-dark-skin-dna-analysis_us_5a7bfffee4b0c6726e0f5874
273,anonymised,23,anonymised,anonymised
274,https://twitter.com/LiarMPs/status/961200428028432384,23,https://twitter.com/LiarMPs/status/961200428028432384,https://twitter.com/LiarMPs/status/961200428028432384
275,https://twitter.com/desusandmero/status/961453309574828032,23,https://twitter.com/desusandmero/status/961453309574828032,https://twitter.com/desusandmero/status/961453309574828032
276,http://ift.tt/2EaAyoE,23,http://ift.tt/2EaAyoE,http://ift.tt/2EaAyoE
277,https://www.huffingtonpost.com/entry/cheddar-man-dark-skin-dna-analysis_us_5a7bfffee4b0c6726e0f5874?ncid=engmodushpmg00000004,23,https://www.huffingtonpost.com/entry/cheddar-man-dark-skin-dna-analysis_us_5a7bfffee4b0c6726e0f5874?ncid=engmodushpmg00000004,https://www.huffingtonpost.com/entry/cheddar-man-dark-skin-dna-analysis_us_5a7bfffee4b0c6726e0f5874?ncid=engmodushpmg00000004
278,https://twitter.com/i/moments/961267898902831104,23,https://twitter.com/i/moments/961267898902831104,https://twitter.com/i/moments/961267898902831104
279,https://www.newscientist.com/article/2161867-ancient-dark-skinned-briton-cheddar-man-find-may-not-be-true/?utm_campaign=Echobox&utm_medium=SOC&utm_source=Twitter#link_time=1519306987,23,https://www.newscientist.com/article/2161867-ancient-dark-skinned-briton-cheddar-man-find-may-not-be-true/?utm_campaign=Echobox&utm_medium=SOC&utm_source=Twitter#link_time=1519306987,https://www.newscientist.com/article/2161867-ancient-dark-skinned-briton-cheddar-man-find-may-not-be-true/?utm_campaign=Echobox&utm_medium=SOC&utm_source=Twitter#link_time=1519306987
280,http://dlvr.it/QH8Slr,22,http://dlvr.it/QH8Slr,http://dlvr.it/QH8Slr
281,https://twitter.com/WritersofColour/status/961166125533925377,22,https://twitter.com/WritersofColour/status/961166125533925377,https://twitter.com/WritersofColour/status/961166125533925377
282,https://twitter.com/bbcnews/status/961265382408454144,22,https://twitter.com/bbcnews/status/961265382408454144,https://twitter.com/bbcnews/status/961265382408454144
283,https://twitter.com/guardianscience/status/961118360351191041,22,https://twitter.com/guardianscience/status/961118360351191041,https://twitter.com/guardianscience/status/961118360351191041
284,anonymised,22,anonymised,anonymised
285,https://3dprint.com/202890/3d-printed-cheddar-man-bust/,22,https://3dprint.com/202890/3d-printed-cheddar-man-bust/,https://3dprint.com/202890/3d-printed-cheddar-man-bust/
286,http://Ancestry.co.uk,22,http://Ancestry.co.uk,http://Ancestry.co.uk
287,https://www.cnn.com/2018/02/07/europe/cheddar-man-had-dark-skin-intl/index.html,22,https://www.cnn.com/2018/02/07/europe/cheddar-man-had-dark-skin-intl/index.html,https://www.cnn.com/2018/02/07/europe/cheddar-man-had-dark-skin-intl/index.html
288,anonymised,22,anonymised,anonymised
289,anonymised,22,anonymised,anonymised
290,anonymised,22,anonymised,anonymised
291,http://www.huffingtonpost.co.uk/entry/cheddar-man-had-dark-to-black-skin-reveals-groundbreaking-dna-test_uk_5a7ab8a6e4b07af4e81f3948,22,http://www.huffingtonpost.co.uk/entry/cheddar-man-had-dark-to-black-skin-reveals-groundbreaking-dna-test_uk_5a7ab8a6e4b07af4e81f3948,http://www.huffingtonpost.co.uk/entry/cheddar-man-had-dark-to-black-skin-reveals-groundbreaking-dna-test_uk_5a7ab8a6e4b07af4e81f3948
292,https://twitter.com/bbcnews/status/961169767519457283,22,https://twitter.com/bbcnews/status/961169767519457283,https://twitter.com/bbcnews/status/961169767519457283
293,https://twitter.com/France24_fr/status/961956303244587008,22,https://twitter.com/France24_fr/status/961956303244587008,https://twitter.com/France24_fr/status/961956303244587008
294,https://twitter.com/davidlammy/status/961223010047930368,21,https://twitter.com/davidlammy/status/961223010047930368,https://twitter.com/davidlammy/status/961223010047930368
295,anonymised,21,anonymised,anonymised
296,https://www.ft.com/content/4407da1e-0ced-11e8-8eb7-42f857ea9f09,21,https://www.ft.com/content/4407da1e-0ced-11e8-8eb7-42f857ea9f09,https://www.ft.com/content/4407da1e-0ced-11e8-8eb7-42f857ea9f09
297,http://youtu.be/lWDWVDu01P0?a,21,http://youtu.be/lWDWVDu01P0?a,http://youtu.be/lWDWVDu01P0?a
298,https://twitter.com/archaeologymag/status/961306065735368704,21,https://twitter.com/archaeologymag/status/961306065735368704,https://twitter.com/archaeologymag/status/961306065735368704
299,anonymised,21,anonymised,anonymised
300,http://www.telegraph.co.uk/science/2018/02/07/first-britons-black-natural-history-museum-dna-study-reveals/?WT.mc_id=tmg_share_tw,21,http://www.telegraph.co.uk/science/2018/02/07/first-britons-black-natural-history-museum-dna-study-reveals/?WT.mc_id=tmg_share_tw,http://www.telegraph.co.uk/science/2018/02/07/first-britons-black-natural-history-museum-dna-study-reveals/?WT.mc_id=tmg_share_tw
301,http://bbc.in/2nP9vnK,21,http://bbc.in/2nP9vnK,http://bbc.in/2nP9vnK
302,https://twitter.com/Independent/status/961337522277310466,21,https://twitter.com/Independent/status/961337522277310466,https://twitter.com/Independent/status/961337522277310466
303,http://www.lcdviews.com/2018/02/07/home-office-deport-cheddar-man-ruining-the-story-of-britain/,21,http://www.lcdviews.com/2018/02/07/home-office-deport-cheddar-man-ruining-the-story-of-britain/,http://www.lcdviews.com/2018/02/07/home-office-deport-cheddar-man-ruining-the-story-of-britain/
304,anonymised,20,anonymised,anonymised
305,http://news.google.com,20,http://news.google.com,http://news.google.com
306,anonymised,20,anonymised,anonymised
307,https://twitter.com/i/moments/961128062950789121,20,https://twitter.com/i/moments/961128062950789121,https://twitter.com/i/moments/961128062950789121
308,https://www.theguardian.com/science/2018/feb/07/first-modern-britons-dark-black-skin-cheddar-man-dna-analysis-reveals?CMP=fb_gu,20,https://www.theguardian.com/science/2018/feb/07/first-modern-britons-dark-black-skin-cheddar-man-dna-analysis-reveals?CMP=fb_gu,https://www.theguardian.com/science/2018/feb/07/first-modern-britons-dark-black-skin-cheddar-man-dna-analysis-reveals?CMP=fb_gu
309,anonymised,20,anonymised,anonymised
310,https://www.theguardian.com/science/2018/feb/07/first-modern-britons-dark-black-skin-cheddar-man-dna-analysis-reveals?CMP=twt_gu,20,https://www.theguardian.com/science/2018/feb/07/first-modern-britons-dark-black-skin-cheddar-man-dna-analysis-reveals?CMP=twt_gu,https://www.theguardian.com/science/2018/feb/07/first-modern-britons-dark-black-skin-cheddar-man-dna-analysis-reveals?CMP=twt_gu
311,http://self-realisation.com/ourstory/the-cheddar-man-of-britain/,20,http://self-realisation.com/ourstory/the-cheddar-man-of-britain/,http://self-realisation.com/ourstory/the-cheddar-man-of-britain/
312,anonymised,20,anonymised,anonymised
313,https://nwioqeqkdf.blogspot.co.uk/2018/02/cheddar-man-barry-stanton-and-british.html,20,https://nwioqeqkdf.blogspot.co.uk/2018/02/cheddar-man-barry-stanton-and-british.html,https://nwioqeqkdf.blogspot.co.uk/2018/02/cheddar-man-barry-stanton-and-british.html
314,anonymised,20,anonymised,anonymised
315,anonymised,20,anonymised,anonymised
316,https://theguardian.com/science/2018/feb/07/first-modern-britons-dark-black-skin-cheddar-man-dna-analysis-reveals,20,https://theguardian.com/science/2018/feb/07/first-modern-britons-dark-black-skin-cheddar-man-dna-analysis-reveals,https://theguardian.com/science/2018/feb/07/first-modern-britons-dark-black-skin-cheddar-man-dna-analysis-reveals
317,anonymised,20,anonymised,anonymised
318,anonymised,20,anonymised,anonymised
319,anonymised,20,anonymised,anonymised
320,http://ift.tt/2Eb294M,20,http://ift.tt/2Eb294M,http://ift.tt/2Eb294M
321,http://on.ft.com/2EdK3mI,20,http://on.ft.com/2EdK3mI,http://on.ft.com/2EdK3mI
